ts,layer_index,layer_name,event_type,latency_ms,vram_used_gb
1782789777.772974,0,decoder.0,LAYER_LOAD_DONE,11.834,0.3364
1782789777.772994,0,decoder.0,LAYER_COMPUTE_DONE,113.308,0.3364
1782789777.815651,1,decoder.1,LAYER_LOAD_DONE,11.247,0.3365
1782789777.815668,1,decoder.1,LAYER_COMPUTE_DONE,1.271,0.3365
1782789777.858299,2,decoder.2,LAYER_LOAD_DONE,11.439,0.3366
1782789777.858316,2,decoder.2,LAYER_COMPUTE_DONE,1.235,0.3366
1782789777.901935,3,decoder.3,LAYER_LOAD_DONE,11.65,0.3366
1782789777.901952,3,decoder.3,LAYER_COMPUTE_DONE,1.279,0.3366
1782789777.944472,4,decoder.4,LAYER_LOAD_DONE,11.244,0.3366
1782789777.9445,4,decoder.4,LAYER_COMPUTE_DONE,1.216,0.3366
1782789777.987005,5,decoder.5,LAYER_LOAD_DONE,11.111,0.3366
1782789777.987022,5,decoder.5,LAYER_COMPUTE_DONE,1.187,0.3366
1782789778.029246,6,decoder.6,LAYER_LOAD_DONE,11.374,0.3367
1782789778.029263,6,decoder.6,LAYER_COMPUTE_DONE,1.25,0.3367
1782789778.071084,7,decoder.7,LAYER_LOAD_DONE,11.031,0.3367
1782789778.071101,7,decoder.7,LAYER_COMPUTE_DONE,1.192,0.3367
1782789778.112928,8,decoder.8,LAYER_LOAD_DONE,11.083,0.3367
1782789778.112947,8,decoder.8,LAYER_COMPUTE_DONE,1.551,0.3367
1782789778.154511,9,decoder.9,LAYER_LOAD_DONE,11.081,0.3368
1782789778.154782,9,decoder.9,LAYER_COMPUTE_DONE,1.208,0.3368
1782789778.196162,10,decoder.10,LAYER_LOAD_DONE,10.961,0.3368
1782789778.196179,10,decoder.10,LAYER_COMPUTE_DONE,1.189,0.3368
1782789778.237671,11,decoder.11,LAYER_LOAD_DONE,10.99,0.3368
1782789778.237689,11,decoder.11,LAYER_COMPUTE_DONE,1.21,0.3368
1782789778.279178,12,decoder.12,LAYER_LOAD_DONE,11.07,0.3369
1782789778.279194,12,decoder.12,LAYER_COMPUTE_DONE,1.196,0.3369
1782789778.323665,13,decoder.13,LAYER_LOAD_DONE,14.086,0.3369
1782789778.323682,13,decoder.13,LAYER_COMPUTE_DONE,1.221,0.3369
1782789778.367427,14,decoder.14,LAYER_LOAD_DONE,12.388,0.3369
1782789778.367444,14,decoder.14,LAYER_COMPUTE_DONE,1.414,0.3369
1782789778.413924,15,decoder.15,LAYER_LOAD_DONE,12.035,0.337
1782789778.413941,15,decoder.15,LAYER_COMPUTE_DONE,1.223,0.337
1782789778.456215,16,decoder.16,LAYER_LOAD_DONE,11.052,0.337
1782789778.456231,16,decoder.16,LAYER_COMPUTE_DONE,1.234,0.337
1782789778.497474,17,decoder.17,LAYER_LOAD_DONE,10.86,0.337
1782789778.497497,17,decoder.17,LAYER_COMPUTE_DONE,1.207,0.337
1782789778.538933,18,decoder.18,LAYER_LOAD_DONE,10.942,0.3371
1782789778.538951,18,decoder.18,LAYER_COMPUTE_DONE,1.21,0.3371
1782789778.580241,19,decoder.19,LAYER_LOAD_DONE,10.899,0.3371
1782789778.580259,19,decoder.19,LAYER_COMPUTE_DONE,1.196,0.3371
1782789778.625451,20,decoder.20,LAYER_LOAD_DONE,11.03,0.3371
1782789778.625467,20,decoder.20,LAYER_COMPUTE_DONE,1.176,0.3371
1782789778.667929,21,decoder.21,LAYER_LOAD_DONE,11.503,0.3372
1782789778.667947,21,decoder.21,LAYER_COMPUTE_DONE,1.248,0.3372
1782789778.741849,0,decoder.0,LAYER_LOAD_DONE,9.653,0.3369
1782789778.741881,0,decoder.0,LAYER_COMPUTE_DONE,11.711,0.3369
1782789778.778726,1,decoder.1,LAYER_LOAD_DONE,9.926,0.3369
1782789778.778743,1,decoder.1,LAYER_COMPUTE_DONE,1.109,0.3369
1782789778.817158,2,decoder.2,LAYER_LOAD_DONE,11.941,0.3369
1782789778.817174,2,decoder.2,LAYER_COMPUTE_DONE,1.038,0.3369
1782789778.853976,3,decoder.3,LAYER_LOAD_DONE,9.859,0.3369
1782789778.853992,3,decoder.3,LAYER_COMPUTE_DONE,1.069,0.3369
1782789778.890452,4,decoder.4,LAYER_LOAD_DONE,9.873,0.3369
1782789778.890469,4,decoder.4,LAYER_COMPUTE_DONE,1.089,0.3369
1782789778.926801,5,decoder.5,LAYER_LOAD_DONE,9.783,0.3369
1782789778.926817,5,decoder.5,LAYER_COMPUTE_DONE,1.053,0.3369
1782789778.96378,6,decoder.6,LAYER_LOAD_DONE,9.761,0.3369
1782789778.96381,6,decoder.6,LAYER_COMPUTE_DONE,1.099,0.3369
1782789778.99976,7,decoder.7,LAYER_LOAD_DONE,9.504,0.3369
1782789778.999776,7,decoder.7,LAYER_COMPUTE_DONE,1.047,0.3369
1782789779.03063,8,decoder.8,LAYER_LOAD_DONE,9.478,0.3369
1782789779.030647,8,decoder.8,LAYER_COMPUTE_DONE,1.048,0.3369
1782789779.066108,9,decoder.9,LAYER_LOAD_DONE,9.504,0.3369
1782789779.066124,9,decoder.9,LAYER_COMPUTE_DONE,1.103,0.3369
1782789779.101737,10,decoder.10,LAYER_LOAD_DONE,9.512,0.3369
1782789779.101753,10,decoder.10,LAYER_COMPUTE_DONE,1.048,0.3369
1782789779.137182,11,decoder.11,LAYER_LOAD_DONE,9.558,0.3369
1782789779.137199,11,decoder.11,LAYER_COMPUTE_DONE,1.033,0.3369
1782789779.164746,12,decoder.12,LAYER_LOAD_DONE,9.537,0.3369
1782789779.164762,12,decoder.12,LAYER_COMPUTE_DONE,1.033,0.3369
1782789779.202435,13,decoder.13,LAYER_LOAD_DONE,9.678,0.3369
1782789779.202452,13,decoder.13,LAYER_COMPUTE_DONE,1.061,0.3369
1782789779.240233,14,decoder.14,LAYER_LOAD_DONE,9.764,0.3369
1782789779.24025,14,decoder.14,LAYER_COMPUTE_DONE,1.086,0.3369
1782789779.27861,15,decoder.15,LAYER_LOAD_DONE,10.087,0.3369
1782789779.278628,15,decoder.15,LAYER_COMPUTE_DONE,1.14,0.3369
1782789779.316353,16,decoder.16,LAYER_LOAD_DONE,9.619,0.3369
1782789779.31637,16,decoder.16,LAYER_COMPUTE_DONE,1.098,0.3369
1782789779.34337,17,decoder.17,LAYER_LOAD_DONE,9.776,0.3369
1782789779.343387,17,decoder.17,LAYER_COMPUTE_DONE,1.045,0.3369
1782789779.381188,18,decoder.18,LAYER_LOAD_DONE,9.871,0.3369
1782789779.381205,18,decoder.18,LAYER_COMPUTE_DONE,1.127,0.3369
1782789779.419823,19,decoder.19,LAYER_LOAD_DONE,9.701,0.3369
1782789779.419842,19,decoder.19,LAYER_COMPUTE_DONE,1.647,0.3369
1782789779.459336,20,decoder.20,LAYER_LOAD_DONE,9.769,0.3369
1782789779.459353,20,decoder.20,LAYER_COMPUTE_DONE,1.119,0.3369
1782789779.496528,21,decoder.21,LAYER_LOAD_DONE,9.529,0.3369
1782789779.496544,21,decoder.21,LAYER_COMPUTE_DONE,1.053,0.3369
1782789779.52946,0,decoder.0,LAYER_LOAD_DONE,9.189,0.3369
1782789779.529476,0,decoder.0,LAYER_COMPUTE_DONE,1.01,0.3369
1782789779.551011,1,decoder.1,LAYER_LOAD_DONE,9.465,0.3369
1782789779.551027,1,decoder.1,LAYER_COMPUTE_DONE,1.009,0.3369
1782789779.577525,2,decoder.2,LAYER_LOAD_DONE,9.451,0.3369
1782789779.577549,2,decoder.2,LAYER_COMPUTE_DONE,1.081,0.3369
1782789779.599832,3,decoder.3,LAYER_LOAD_DONE,9.861,0.3369
1782789779.599849,3,decoder.3,LAYER_COMPUTE_DONE,1.066,0.3369
1782789779.621717,4,decoder.4,LAYER_LOAD_DONE,9.659,0.3369
1782789779.621734,4,decoder.4,LAYER_COMPUTE_DONE,1.033,0.3369
1782789779.653353,5,decoder.5,LAYER_LOAD_DONE,9.717,0.3369
1782789779.65337,5,decoder.5,LAYER_COMPUTE_DONE,1.097,0.3369
1782789779.680549,6,decoder.6,LAYER_LOAD_DONE,9.679,0.3369
1782789779.680568,6,decoder.6,LAYER_COMPUTE_DONE,1.141,0.3369
1782789779.702538,7,decoder.7,LAYER_LOAD_DONE,9.67,0.3369
1782789779.702555,7,decoder.7,LAYER_COMPUTE_DONE,1.087,0.3369
1782789779.734156,8,decoder.8,LAYER_LOAD_DONE,9.634,0.3369
1782789779.734173,8,decoder.8,LAYER_COMPUTE_DONE,1.085,0.3369
1782789779.761927,9,decoder.9,LAYER_LOAD_DONE,10.26,0.3369
1782789779.761958,9,decoder.9,LAYER_COMPUTE_DONE,1.087,0.3369
1782789779.78869,10,decoder.10,LAYER_LOAD_DONE,9.621,0.3369
1782789779.788708,10,decoder.10,LAYER_COMPUTE_DONE,1.066,0.3369
1782789779.815852,11,decoder.11,LAYER_LOAD_DONE,9.602,0.3369
1782789779.815871,11,decoder.11,LAYER_COMPUTE_DONE,1.107,0.3369
1782789779.837555,12,decoder.12,LAYER_LOAD_DONE,9.517,0.3369
1782789779.837573,12,decoder.12,LAYER_COMPUTE_DONE,1.079,0.3369
1782789779.874127,13,decoder.13,LAYER_LOAD_DONE,9.705,0.3369
1782789779.874146,13,decoder.13,LAYER_COMPUTE_DONE,1.126,0.3369
1782789779.896119,14,decoder.14,LAYER_LOAD_DONE,9.586,0.3369
1782789779.896135,14,decoder.14,LAYER_COMPUTE_DONE,1.121,0.3369
1782789779.928261,15,decoder.15,LAYER_LOAD_DONE,9.576,0.3369
1782789779.928277,15,decoder.15,LAYER_COMPUTE_DONE,1.523,0.3369
1782789779.949739,16,decoder.16,LAYER_LOAD_DONE,9.425,0.3369
1782789779.949758,16,decoder.16,LAYER_COMPUTE_DONE,1.018,0.3369
1782789779.986583,17,decoder.17,LAYER_LOAD_DONE,9.568,0.3369
1782789779.9866,17,decoder.17,LAYER_COMPUTE_DONE,1.13,0.3369
1782789780.008373,18,decoder.18,LAYER_LOAD_DONE,9.712,0.3369
1782789780.008391,18,decoder.18,LAYER_COMPUTE_DONE,1.057,0.3369
1782789780.034743,19,decoder.19,LAYER_LOAD_DONE,9.534,0.3369
1782789780.034761,19,decoder.19,LAYER_COMPUTE_DONE,1.031,0.3369
1782789780.061305,20,decoder.20,LAYER_LOAD_DONE,14.227,0.3369
1782789780.061322,20,decoder.20,LAYER_COMPUTE_DONE,1.045,0.3369
1782789780.083738,21,decoder.21,LAYER_LOAD_DONE,9.704,0.3369
1782789780.083754,21,decoder.21,LAYER_COMPUTE_DONE,1.063,0.3369
1782789780.10679,0,decoder.0,LAYER_LOAD_DONE,9.342,0.3369
1782789780.106809,0,decoder.0,LAYER_COMPUTE_DONE,1.081,0.3369
1782789780.128546,1,decoder.1,LAYER_LOAD_DONE,9.664,0.3369
1782789780.128562,1,decoder.1,LAYER_COMPUTE_DONE,1.027,0.3369
1782789780.150269,2,decoder.2,LAYER_LOAD_DONE,9.562,0.3369
1782789780.150286,2,decoder.2,LAYER_COMPUTE_DONE,1.05,0.3369
1782789780.172225,3,decoder.3,LAYER_LOAD_DONE,9.723,0.3369
1782789780.172242,3,decoder.3,LAYER_COMPUTE_DONE,1.092,0.3369
1782789780.194088,4,decoder.4,LAYER_LOAD_DONE,9.567,0.3369
1782789780.194559,4,decoder.4,LAYER_COMPUTE_DONE,1.055,0.3369
1782789780.216202,5,decoder.5,LAYER_LOAD_DONE,9.557,0.3369
1782789780.216217,5,decoder.5,LAYER_COMPUTE_DONE,1.038,0.3369
1782789780.237666,6,decoder.6,LAYER_LOAD_DONE,9.48,0.337
1782789780.237684,6,decoder.6,LAYER_COMPUTE_DONE,0.994,0.337
1782789780.263231,7,decoder.7,LAYER_LOAD_DONE,13.525,0.337
1782789780.263247,7,decoder.7,LAYER_COMPUTE_DONE,1.004,0.337
1782789780.284748,8,decoder.8,LAYER_LOAD_DONE,9.506,0.337
1782789780.284763,8,decoder.8,LAYER_COMPUTE_DONE,1.004,0.337
1782789780.306248,9,decoder.9,LAYER_LOAD_DONE,9.488,0.337
1782789780.306265,9,decoder.9,LAYER_COMPUTE_DONE,0.997,0.337
1782789780.327968,10,decoder.10,LAYER_LOAD_DONE,9.603,0.337
1782789780.327984,10,decoder.10,LAYER_COMPUTE_DONE,1.06,0.337
1782789780.349837,11,decoder.11,LAYER_LOAD_DONE,9.601,0.337
1782789780.349852,11,decoder.11,LAYER_COMPUTE_DONE,1.109,0.337
1782789780.37576,12,decoder.12,LAYER_LOAD_DONE,13.325,0.337
1782789780.375777,12,decoder.12,LAYER_COMPUTE_DONE,1.631,0.337
1782789780.398794,13,decoder.13,LAYER_LOAD_DONE,9.727,0.337
1782789780.398811,13,decoder.13,LAYER_COMPUTE_DONE,1.097,0.337
1782789780.421099,14,decoder.14,LAYER_LOAD_DONE,10.174,0.337
1782789780.421116,14,decoder.14,LAYER_COMPUTE_DONE,1.044,0.337
1782789780.442716,15,decoder.15,LAYER_LOAD_DONE,9.488,0.337
1782789780.442733,15,decoder.15,LAYER_COMPUTE_DONE,1.02,0.337
1782789780.468693,16,decoder.16,LAYER_LOAD_DONE,9.608,0.337
1782789780.468709,16,decoder.16,LAYER_COMPUTE_DONE,1.046,0.337
1782789780.49011,17,decoder.17,LAYER_LOAD_DONE,9.384,0.337
1782789780.490126,17,decoder.17,LAYER_COMPUTE_DONE,1.015,0.337
1782789780.516756,18,decoder.18,LAYER_LOAD_DONE,9.763,0.337
1782789780.516775,18,decoder.18,LAYER_COMPUTE_DONE,1.079,0.337
1782789780.544131,19,decoder.19,LAYER_LOAD_DONE,9.528,0.337
1782789780.544152,19,decoder.19,LAYER_COMPUTE_DONE,1.423,0.337
1782789780.569502,20,decoder.20,LAYER_LOAD_DONE,9.527,0.337
1782789780.569518,20,decoder.20,LAYER_COMPUTE_DONE,1.019,0.337
1782789780.5912,21,decoder.21,LAYER_LOAD_DONE,9.583,0.337
1782789780.591216,21,decoder.21,LAYER_COMPUTE_DONE,1.054,0.337
1782789780.613928,0,decoder.0,LAYER_LOAD_DONE,9.192,0.337
1782789780.613944,0,decoder.0,LAYER_COMPUTE_DONE,0.965,0.337
1782789780.635548,1,decoder.1,LAYER_LOAD_DONE,9.526,0.337
1782789780.635563,1,decoder.1,LAYER_COMPUTE_DONE,1.014,0.337
1782789780.660741,2,decoder.2,LAYER_LOAD_DONE,13.198,0.337
1782789780.660757,2,decoder.2,LAYER_COMPUTE_DONE,1.008,0.337
1782789780.682211,3,decoder.3,LAYER_LOAD_DONE,9.48,0.337
1782789780.682227,3,decoder.3,LAYER_COMPUTE_DONE,1.014,0.337
1782789780.703721,4,decoder.4,LAYER_LOAD_DONE,9.516,0.337
1782789780.703737,4,decoder.4,LAYER_COMPUTE_DONE,1.015,0.337
1782789780.730223,5,decoder.5,LAYER_LOAD_DONE,9.562,0.337
1782789780.730241,5,decoder.5,LAYER_COMPUTE_DONE,1.067,0.337
1782789780.751773,6,decoder.6,LAYER_LOAD_DONE,9.519,0.337
1782789780.751789,6,decoder.6,LAYER_COMPUTE_DONE,1.04,0.337
1782789780.773905,7,decoder.7,LAYER_LOAD_DONE,9.68,0.337
1782789780.773924,7,decoder.7,LAYER_COMPUTE_DONE,1.056,0.337
1782789780.796207,8,decoder.8,LAYER_LOAD_DONE,9.905,0.337
1782789780.796224,8,decoder.8,LAYER_COMPUTE_DONE,1.051,0.337
1782789780.818311,9,decoder.9,LAYER_LOAD_DONE,9.799,0.337
1782789780.818328,9,decoder.9,LAYER_COMPUTE_DONE,1.082,0.337
1782789780.84063,10,decoder.10,LAYER_LOAD_DONE,9.954,0.337
1782789780.840649,10,decoder.10,LAYER_COMPUTE_DONE,1.089,0.337
1782789780.866376,11,decoder.11,LAYER_LOAD_DONE,13.237,0.337
1782789780.866393,11,decoder.11,LAYER_COMPUTE_DONE,1.107,0.337
1782789780.893715,12,decoder.12,LAYER_LOAD_DONE,9.925,0.337
1782789780.893733,12,decoder.12,LAYER_COMPUTE_DONE,1.092,0.337
1782789780.916021,13,decoder.13,LAYER_LOAD_DONE,10.026,0.337
1782789780.916039,13,decoder.13,LAYER_COMPUTE_DONE,1.091,0.337
1782789780.947222,14,decoder.14,LAYER_LOAD_DONE,9.524,0.337
1782789780.947237,14,decoder.14,LAYER_COMPUTE_DONE,1.051,0.337
1782789780.96955,15,decoder.15,LAYER_LOAD_DONE,9.624,0.337
1782789780.969566,15,decoder.15,LAYER_COMPUTE_DONE,1.06,0.337
1782789780.991309,16,decoder.16,LAYER_LOAD_DONE,9.667,0.337
1782789780.991327,16,decoder.16,LAYER_COMPUTE_DONE,1.104,0.337
1782789781.013445,17,decoder.17,LAYER_LOAD_DONE,9.709,0.337
1782789781.013461,17,decoder.17,LAYER_COMPUTE_DONE,1.041,0.337
1782789781.035036,18,decoder.18,LAYER_LOAD_DONE,9.564,0.337
1782789781.035052,18,decoder.18,LAYER_COMPUTE_DONE,1.04,0.337
1782789781.060614,19,decoder.19,LAYER_LOAD_DONE,13.532,0.337
1782789781.06063,19,decoder.19,LAYER_COMPUTE_DONE,1.039,0.337
1782789781.082258,20,decoder.20,LAYER_LOAD_DONE,9.517,0.337
1782789781.082275,20,decoder.20,LAYER_COMPUTE_DONE,1.029,0.337
1782789781.104222,21,decoder.21,LAYER_LOAD_DONE,9.713,0.337
1782789781.104238,21,decoder.21,LAYER_COMPUTE_DONE,1.051,0.337
1782789781.126951,0,decoder.0,LAYER_LOAD_DONE,9.128,0.337
1782789781.126967,0,decoder.0,LAYER_COMPUTE_DONE,0.997,0.337
1782789781.148427,1,decoder.1,LAYER_LOAD_DONE,9.512,0.337
1782789781.148444,1,decoder.1,LAYER_COMPUTE_DONE,1.007,0.337
1782789781.16994,2,decoder.2,LAYER_LOAD_DONE,9.475,0.337
1782789781.169956,2,decoder.2,LAYER_COMPUTE_DONE,1.024,0.337
1782789781.191349,3,decoder.3,LAYER_LOAD_DONE,9.427,0.337
1782789781.191365,3,decoder.3,LAYER_COMPUTE_DONE,1.005,0.337
1782789781.212892,4,decoder.4,LAYER_LOAD_DONE,9.55,0.337
1782789781.212909,4,decoder.4,LAYER_COMPUTE_DONE,1.018,0.337
1782789781.234312,5,decoder.5,LAYER_LOAD_DONE,9.48,0.337
1782789781.234328,5,decoder.5,LAYER_COMPUTE_DONE,0.997,0.337
1782789781.255731,6,decoder.6,LAYER_LOAD_DONE,9.501,0.337
1782789781.255746,6,decoder.6,LAYER_COMPUTE_DONE,0.984,0.337
1782789781.277548,7,decoder.7,LAYER_LOAD_DONE,9.686,0.337
1782789781.277565,7,decoder.7,LAYER_COMPUTE_DONE,1.105,0.337
1782789781.300075,8,decoder.8,LAYER_LOAD_DONE,10.064,0.337
1782789781.300094,8,decoder.8,LAYER_COMPUTE_DONE,1.076,0.337
1782789781.322445,9,decoder.9,LAYER_LOAD_DONE,9.959,0.337
1782789781.323024,9,decoder.9,LAYER_COMPUTE_DONE,1.096,0.337
1782789781.349897,10,decoder.10,LAYER_LOAD_DONE,9.662,0.337
1782789781.349914,10,decoder.10,LAYER_COMPUTE_DONE,1.049,0.337
1782789781.374517,11,decoder.11,LAYER_LOAD_DONE,12.426,0.337
1782789781.374534,11,decoder.11,LAYER_COMPUTE_DONE,1.101,0.337
1782789781.396766,12,decoder.12,LAYER_LOAD_DONE,9.645,0.337
1782789781.396785,12,decoder.12,LAYER_COMPUTE_DONE,1.074,0.337
1782789781.419101,13,decoder.13,LAYER_LOAD_DONE,9.847,0.337
1782789781.419117,13,decoder.13,LAYER_COMPUTE_DONE,1.079,0.337
1782789781.443966,14,decoder.14,LAYER_LOAD_DONE,9.704,0.337
1782789781.443982,14,decoder.14,LAYER_COMPUTE_DONE,1.015,0.337
1782789781.468638,15,decoder.15,LAYER_LOAD_DONE,9.593,0.337
1782789781.468654,15,decoder.15,LAYER_COMPUTE_DONE,1.014,0.337
1782789781.501581,16,decoder.16,LAYER_LOAD_DONE,9.594,0.337
1782789781.501599,16,decoder.16,LAYER_COMPUTE_DONE,1.107,0.337
1782789781.5232,17,decoder.17,LAYER_LOAD_DONE,9.607,0.337
1782789781.523217,17,decoder.17,LAYER_COMPUTE_DONE,1.026,0.337
1782789781.544621,18,decoder.18,LAYER_LOAD_DONE,9.461,0.337
1782789781.544637,18,decoder.18,LAYER_COMPUTE_DONE,0.995,0.337
1782789781.569171,19,decoder.19,LAYER_LOAD_DONE,9.598,0.337
1782789781.569187,19,decoder.19,LAYER_COMPUTE_DONE,1.029,0.337
1782789781.590612,20,decoder.20,LAYER_LOAD_DONE,9.441,0.337
1782789781.590629,20,decoder.20,LAYER_COMPUTE_DONE,1.008,0.337
1782789781.612111,21,decoder.21,LAYER_LOAD_DONE,9.428,0.337
1782789781.612329,21,decoder.21,LAYER_COMPUTE_DONE,1.032,0.337
1782789781.634999,0,decoder.0,LAYER_LOAD_DONE,9.188,0.337
1782789781.635017,0,decoder.0,LAYER_COMPUTE_DONE,1.027,0.337
1782789781.669033,1,decoder.1,LAYER_LOAD_DONE,9.549,0.337
1782789781.66905,1,decoder.1,LAYER_COMPUTE_DONE,1.088,0.337
1782789781.690696,2,decoder.2,LAYER_LOAD_DONE,9.616,0.337
1782789781.690713,2,decoder.2,LAYER_COMPUTE_DONE,1.082,0.337
1782789781.712731,3,decoder.3,LAYER_LOAD_DONE,9.701,0.337
1782789781.712748,3,decoder.3,LAYER_COMPUTE_DONE,1.106,0.337
1782789781.734979,4,decoder.4,LAYER_LOAD_DONE,9.832,0.337
1782789781.734996,4,decoder.4,LAYER_COMPUTE_DONE,1.064,0.337
1782789781.757299,5,decoder.5,LAYER_LOAD_DONE,9.965,0.337
1782789781.757316,5,decoder.5,LAYER_COMPUTE_DONE,1.071,0.337
1782789781.779437,6,decoder.6,LAYER_LOAD_DONE,9.759,0.337
1782789781.779454,6,decoder.6,LAYER_COMPUTE_DONE,1.107,0.337
1782789781.801446,7,decoder.7,LAYER_LOAD_DONE,9.693,0.337
1782789781.801462,7,decoder.7,LAYER_COMPUTE_DONE,1.096,0.337
1782789781.823383,8,decoder.8,LAYER_LOAD_DONE,9.6,0.337
1782789781.8234,8,decoder.8,LAYER_COMPUTE_DONE,1.06,0.337
1782789781.845594,9,decoder.9,LAYER_LOAD_DONE,9.823,0.337
1782789781.845614,9,decoder.9,LAYER_COMPUTE_DONE,1.07,0.337
1782789781.869396,10,decoder.10,LAYER_LOAD_DONE,9.841,0.337
1782789781.869413,10,decoder.10,LAYER_COMPUTE_DONE,1.076,0.337
1782789781.89159,11,decoder.11,LAYER_LOAD_DONE,9.741,0.337
1782789781.891607,11,decoder.11,LAYER_COMPUTE_DONE,1.057,0.337
1782789781.91344,12,decoder.12,LAYER_LOAD_DONE,9.532,0.337
1782789781.91346,12,decoder.12,LAYER_COMPUTE_DONE,1.042,0.337
1782789781.935292,13,decoder.13,LAYER_LOAD_DONE,9.54,0.337
1782789781.935309,13,decoder.13,LAYER_COMPUTE_DONE,1.058,0.337
1782789781.957014,14,decoder.14,LAYER_LOAD_DONE,9.595,0.337
1782789781.957031,14,decoder.14,LAYER_COMPUTE_DONE,1.056,0.337
1782789781.97898,15,decoder.15,LAYER_LOAD_DONE,9.5,0.337
1782789781.978996,15,decoder.15,LAYER_COMPUTE_DONE,1.039,0.337
1782789782.000669,16,decoder.16,LAYER_LOAD_DONE,9.62,0.337
1782789782.000685,16,decoder.16,LAYER_COMPUTE_DONE,1.042,0.337
1782789782.022222,17,decoder.17,LAYER_LOAD_DONE,9.463,0.337
1782789782.022239,17,decoder.17,LAYER_COMPUTE_DONE,1.027,0.337
1782789782.04372,18,decoder.18,LAYER_LOAD_DONE,9.515,0.337
1782789782.043738,18,decoder.18,LAYER_COMPUTE_DONE,1.059,0.337
1782789782.067575,19,decoder.19,LAYER_LOAD_DONE,9.554,0.337
1782789782.067592,19,decoder.19,LAYER_COMPUTE_DONE,1.037,0.337
1782789782.089141,20,decoder.20,LAYER_LOAD_DONE,9.484,0.337
1782789782.089157,20,decoder.20,LAYER_COMPUTE_DONE,1.032,0.337
1782789782.110576,21,decoder.21,LAYER_LOAD_DONE,9.453,0.337
1782789782.110595,21,decoder.21,LAYER_COMPUTE_DONE,1.031,0.337
1782789782.134128,0,decoder.0,LAYER_LOAD_DONE,10.124,0.337
1782789782.134144,0,decoder.0,LAYER_COMPUTE_DONE,0.972,0.337
1782789782.155774,1,decoder.1,LAYER_LOAD_DONE,9.615,0.337
1782789782.155795,1,decoder.1,LAYER_COMPUTE_DONE,1.012,0.337
1782789782.177385,2,decoder.2,LAYER_LOAD_DONE,9.596,0.337
1782789782.177402,2,decoder.2,LAYER_COMPUTE_DONE,1.048,0.337
1782789782.199203,3,decoder.3,LAYER_LOAD_DONE,9.591,0.337
1782789782.19922,3,decoder.3,LAYER_COMPUTE_DONE,1.076,0.337
1782789782.221012,4,decoder.4,LAYER_LOAD_DONE,9.618,0.337
1782789782.221029,4,decoder.4,LAYER_COMPUTE_DONE,1.08,0.337
1782789782.242678,5,decoder.5,LAYER_LOAD_DONE,9.605,0.337
1782789782.242694,5,decoder.5,LAYER_COMPUTE_DONE,1.025,0.337
1782789782.265977,6,decoder.6,LAYER_LOAD_DONE,11.062,0.337
1782789782.265993,6,decoder.6,LAYER_COMPUTE_DONE,1.049,0.337
1782789782.287862,7,decoder.7,LAYER_LOAD_DONE,9.724,0.337
1782789782.287879,7,decoder.7,LAYER_COMPUTE_DONE,1.06,0.337
1782789782.309663,8,decoder.8,LAYER_LOAD_DONE,9.583,0.337
1782789782.30968,8,decoder.8,LAYER_COMPUTE_DONE,1.048,0.337
1782789782.341182,9,decoder.9,LAYER_LOAD_DONE,9.839,0.337
1782789782.341199,9,decoder.9,LAYER_COMPUTE_DONE,1.096,0.337
1782789782.372245,10,decoder.10,LAYER_LOAD_DONE,12.422,0.337
1782789782.372263,10,decoder.10,LAYER_COMPUTE_DONE,1.671,0.337
1782789782.397232,11,decoder.11,LAYER_LOAD_DONE,9.92,0.337
1782789782.39725,11,decoder.11,LAYER_COMPUTE_DONE,1.108,0.337
1782789782.419783,12,decoder.12,LAYER_LOAD_DONE,9.984,0.337
1782789782.419801,12,decoder.12,LAYER_COMPUTE_DONE,1.113,0.337
1782789782.441865,13,decoder.13,LAYER_LOAD_DONE,9.592,0.337
1782789782.441881,13,decoder.13,LAYER_COMPUTE_DONE,1.065,0.337
1782789782.465331,14,decoder.14,LAYER_LOAD_DONE,10.985,0.337
1782789782.465351,14,decoder.14,LAYER_COMPUTE_DONE,1.056,0.337
1782789782.487558,15,decoder.15,LAYER_LOAD_DONE,9.801,0.337
1782789782.487576,15,decoder.15,LAYER_COMPUTE_DONE,1.117,0.337
1782789782.509339,16,decoder.16,LAYER_LOAD_DONE,9.549,0.337
1782789782.509356,16,decoder.16,LAYER_COMPUTE_DONE,1.063,0.337
1782789782.530872,17,decoder.17,LAYER_LOAD_DONE,9.497,0.337
1782789782.530889,17,decoder.17,LAYER_COMPUTE_DONE,1.053,0.337
1782789782.552423,18,decoder.18,LAYER_LOAD_DONE,9.508,0.337
1782789782.552442,18,decoder.18,LAYER_COMPUTE_DONE,1.031,0.337
1782789782.584664,19,decoder.19,LAYER_LOAD_DONE,9.57,0.337
1782789782.584683,19,decoder.19,LAYER_COMPUTE_DONE,1.063,0.337
1782789782.6062,20,decoder.20,LAYER_LOAD_DONE,9.517,0.337
1782789782.60622,20,decoder.20,LAYER_COMPUTE_DONE,1.061,0.337
1782789782.627754,21,decoder.21,LAYER_LOAD_DONE,9.477,0.337
1782789782.627771,21,decoder.21,LAYER_COMPUTE_DONE,1.061,0.337
1782789782.650454,0,decoder.0,LAYER_LOAD_DONE,9.116,0.337
1782789782.650474,0,decoder.0,LAYER_COMPUTE_DONE,0.978,0.337
1782789782.671976,1,decoder.1,LAYER_LOAD_DONE,9.486,0.3371
1782789782.671993,1,decoder.1,LAYER_COMPUTE_DONE,1.027,0.3371
1782789782.69346,2,decoder.2,LAYER_LOAD_DONE,9.524,0.3371
1782789782.693477,2,decoder.2,LAYER_COMPUTE_DONE,1.001,0.3371
1782789782.714971,3,decoder.3,LAYER_LOAD_DONE,9.467,0.3371
1782789782.714987,3,decoder.3,LAYER_COMPUTE_DONE,1.013,0.3371
1782789782.73662,4,decoder.4,LAYER_LOAD_DONE,9.687,0.3371
1782789782.736636,4,decoder.4,LAYER_COMPUTE_DONE,1.056,0.3371
1782789782.765812,5,decoder.5,LAYER_LOAD_DONE,11.246,0.3371
1782789782.76583,5,decoder.5,LAYER_COMPUTE_DONE,1.122,0.3371
1782789782.787981,6,decoder.6,LAYER_LOAD_DONE,9.732,0.3371
1782789782.787999,6,decoder.6,LAYER_COMPUTE_DONE,1.123,0.3371
1782789782.810271,7,decoder.7,LAYER_LOAD_DONE,9.754,0.3371
1782789782.81029,7,decoder.7,LAYER_COMPUTE_DONE,1.145,0.3371
1782789782.832351,8,decoder.8,LAYER_LOAD_DONE,9.666,0.3371
1782789782.83237,8,decoder.8,LAYER_COMPUTE_DONE,1.138,0.3371
1782789782.854514,9,decoder.9,LAYER_LOAD_DONE,9.76,0.3371
1782789782.854533,9,decoder.9,LAYER_COMPUTE_DONE,1.151,0.3371
1782789782.876798,10,decoder.10,LAYER_LOAD_DONE,9.883,0.3371
1782789782.876818,10,decoder.10,LAYER_COMPUTE_DONE,1.124,0.3371
1782789782.899313,11,decoder.11,LAYER_LOAD_DONE,9.934,0.3371
1782789782.89933,11,decoder.11,LAYER_COMPUTE_DONE,1.121,0.3371
1782789782.926151,12,decoder.12,LAYER_LOAD_DONE,14.424,0.3371
1782789782.926168,12,decoder.12,LAYER_COMPUTE_DONE,1.117,0.3371
1782789782.948763,13,decoder.13,LAYER_LOAD_DONE,9.701,0.3371
1782789782.948781,13,decoder.13,LAYER_COMPUTE_DONE,1.117,0.3371
1782789782.970894,14,decoder.14,LAYER_LOAD_DONE,9.793,0.3371
1782789782.970911,14,decoder.14,LAYER_COMPUTE_DONE,1.096,0.3371
1782789782.992911,15,decoder.15,LAYER_LOAD_DONE,9.677,0.3371
1782789782.992929,15,decoder.15,LAYER_COMPUTE_DONE,1.124,0.3371
1782789783.014895,16,decoder.16,LAYER_LOAD_DONE,9.714,0.3371
1782789783.015112,16,decoder.16,LAYER_COMPUTE_DONE,1.104,0.3371
1782789783.036927,17,decoder.17,LAYER_LOAD_DONE,9.587,0.3371
1782789783.036945,17,decoder.17,LAYER_COMPUTE_DONE,1.092,0.3371
1782789783.060077,18,decoder.18,LAYER_LOAD_DONE,10.988,0.3371
1782789783.060095,18,decoder.18,LAYER_COMPUTE_DONE,1.07,0.3371
1782789783.081985,19,decoder.19,LAYER_LOAD_DONE,9.749,0.3371
1782789783.082003,19,decoder.19,LAYER_COMPUTE_DONE,1.064,0.3371
1782789783.103896,20,decoder.20,LAYER_LOAD_DONE,9.652,0.3371
1782789783.103912,20,decoder.20,LAYER_COMPUTE_DONE,1.086,0.3371
1782789783.129522,21,decoder.21,LAYER_LOAD_DONE,9.554,0.3371
1782789783.129538,21,decoder.21,LAYER_COMPUTE_DONE,1.056,0.3371
